Product Name,Over_All_Rating,Price,Rating,Comment
Buy DOCTOR EXTRA SOFT Men Mesh Lightweight Memory Foam Running Shoes  - Sports Shoes for Men 26458804 | Myntra,4.4,1299,5,"Doctor Extra Soft shoes provide excellent comfort. My foot slides in easily without needing hands, the foam feels great, and I'm fully satisfied. The sole also has good grip. Thanks, Myntra!"
Buy ADIDAS Men Fluento Running Shoes  - Sports Shoes for Men 26237696 | Myntra,4.3,1079,4,"Perfect fit.

Really speaking I was hesitating to buy it online. But When I received it was perfectly got fit as per my size 10.
So any one who exactly know there shoe number can order the same number shoe.
And the colour is exact as shown in pics. And it is so comfortable while walking or running as it comes with good grip.

And this review is after 3-4 months of regular use.

Go for it.!!!!"
Buy HRX By Hrithik Roshan Unisex Back To School Shoes  - Casual Shoes for Unisex 29553912 | Myntra,4.2,999,5,"I recently purchased a pair of HRX shoes from Myntra, and I must say, I’m thoroughly impressed! From the moment I unboxed them, the sleek design and premium finish caught my attention.

What I Loved:

✔ Comfort – The cushioning is excellent, providing great support for long walks and workouts.
✔ Stylish Design – The trendy look makes it perfect for both casual wear and sports activities.
✔ Lightweight & Durable – Feels super light on the feet while being sturdy enough for daily use.
✔ Perfect Fit – True to size with a snug yet breathable fit.

Overall, HRX shoes offer amazing value for money. Whether you're hitting the gym, going for a run, or just want a stylish everyday pair, these shoes won’t disappoint! Highly recommended!"
